Patient_ID,Other_dx
http://hospital.goodhealth.org|07091990,http://snomed.info/sct|840539006
http://hospital.smarthealthit.org|1032702,http://snomed.info/sct|38341003
http://hospital.smarthealthit.org|1032702,http://snomed.info/sct|73211009
http://hospital.smarthealthit.org|1032702,http://snomed.info/sct|195951007
http://hospital.smarthealthit.org|1032702,http://snomed.info/sct|840539006
http://hospital.smarthealthit.org|1032702,http://snomed.info/sct|62315008
http://hospital.smarthealthit.org|1032702,http://snomed.info/sct|162397003
http://hospital.smarthealthit.org|1032702,http://snomed.info/sct|11833005
http://hospital.smarthealthit.org|1032702,http://snomed.info/sct|386661006
http://hospital.smarthealthit.org|1032702,http://snomed.info/sct|271825005
