Patient_ID,Medication_Name,Medication_Code,Medication_Dose,Medication_Route,Medication_Start,Medication_Stop
http://hospital.smarthealthit.org|1032702,20 ML tocilizumab 20 MG/ML Injection [Actemra],http://www.nlm.nih.gov/research/umls/rxnorm|1657982,400 MG,null,null,null
http://hospital.smarthealthit.org|1032702,potassium 80 MG,http://www.nlm.nih.gov/research/umls/rxnorm|259128,80 MG,http://snomed.info/sct|47625008,null,null
http://hospital.smarthealthit.org|1032702,hydroxychloroquine sulfate 200 MG Oral Tablet,http://www.nlm.nih.gov/research/umls/rxnorm|979094,400 MG,null,null,null
http://hospital.smarthealthit.org|1032702,hydroxychloroquine sulfate 400 MG Oral Tablet,http://www.nlm.nih.gov/research/umls/rxnorm|979092,400 MG,null,null,null
http://hospital.smarthealthit.org|1032702,ceftriaxone 2 G Injectable Solution,http://www.nlm.nih.gov/research/umls/rxnorm|309090,2000 MG,http://snomed.info/sct|47625008,null,null
http://hospital.smarthealthit.org|1032702,12 HR albuterol 4 MG Extended Release Oral Tablet,http://www.nlm.nih.gov/research/umls/rxnorm|359144,4 MG,http://snomed.info/sct|26643006,null,null
http://hospital.smarthealthit.org|1032702,amlodipine 10 MG / atorvastatin 10 MG Oral Tablet ,http://www.nlm.nih.gov/research/umls/rxnorm|597987,10 MG,http://snomed.info/sct|26643006,null,null
http://hospital.smarthealthit.org|1032702,Insulin,http://www.nlm.nih.gov/research/umls/rxnorm|977842,30 MG,http://snomed.info/sct|26643006,null,null
http://hospital.smarthealthit.org|1032702,Metformin,http://www.nlm.nih.gov/research/umls/rxnorm|1810997,150 MG,http://snomed.info/sct|26643006,2020-06-05T15:14:00.000-05:00,2020-06-05T16:15:45.000-05:00
